ISO_3166-1_alpha-2,ISO_3166-1_alpha-3,_category,_type,continent,country,country_code,state,state_code,town,formatted,confidence,original_address,j_UtilityID,j_Project Name,j_City,j_State,j_Utility,j_Utility Type,j_Basic Structure,j_System Size (MW-AC),j_System Size (MW-DC),j_Year of Interconnection
US,USA,building,building,North America,United States of America,us,Washington,WA,,"8600 Northeast 117th Avenue, Vancouver, WA 98662, United States of America","10","8600 NE 117th Ave, Vancouver, WA 98662","3,660",Clark Community Solar Project 5,Vancouver,WA,PUD No 1 of Clark County - (WA),Political Subdivision,Consumer-owned utility,0.0316,0.003025,"2,015"
US,USA,building,building,North America,United States of America,us,Washington,WA,Prosser,"84009 W Old Inland Empire Hwy, Prosser, WA, United States of America","10","84009 W Old Inland Empire Hwy, Prosser, WA 99350","1,579",Old Inland Empire Community Solar Project,Prosser,WA,PUD No 1 of Benton County,Political Subdivision,Consumer-owned utility,0.02,0.03,"2,016"
US,USA,road,road,North America,United States of America,us,Alaska,AK,Fairbanks,"Vega Ct, Fairbanks, AK, United States of America","3","VVQ7+M5, Shungnak, AK 99773","221",Shungnak-Kobuk Community Solar Independent Power Producer,Shungnak,AK,"Alaska Village Elec Coop, Inc",Cooperative,Cooperative,0.06,0.08,"2,011"
US,USA,building,building,North America,United States of America,us,Minnesota,MN,,"Beltrami Electric Cooperative, 4111 Technology Drive Northwest, Bemidji, MN 56601, United States of America","10","4111 Technology Dr NW, Bemidji, MN 56601","1,529",Northern Solar,Bemidji,MN,"Beltrami Electric Coop, Inc",Cooperative,Rural electric cooperative,0.03,0.04,"2,016"
US,USA,building,building,North America,United States of America,us,Washington,WA,Edmonds,"Frances Anderson Center, 700 Main Street, Edmonds, WA 98020, United States of America","10","700 Main Street Edmonds, WA 98020","17,470",Frances Anderson Center Solar Project,Edmonds,WA,PUD 1 of Snohomish County,Political Subdivision,Cooperative,0.12,0.16,"2,017"
US,USA,building,building,North America,United States of America,us,Massachusetts,MA,Wareham,"1 Express Drive, South Wareham, Wareham, MA 02579, United States of America","10","1 Express Dr Wareham, MA 02571","9,267",Wareham Community Solar Array,Wareham,MA,NSTAR (DBA EverSource),Cooperative,Cooperative,0.1,0.13,"2,016"
US,USA,building,building,North America,United States of America,us,Minnesota,MN,,"19141 293rd Avenue, Paynesville Township, MN 56362, United States of America","10","19141 293rd Ave, Paynesville, MN 56362","13,781","Allium Community Solar Garden, LLC",Paynesville,MN,Northern States Power Co - Minnesota,Investor Owned,Cooperative,0.1,0.13,"2,015"
US,USA,building,building,North America,United States of America,us,Minnesota,MN,,"550 South 4th Street, Tracy, Lyon County, MN 56175, United States of America","10","550 S 4th St, Tracy, MN 56175","13,781","Aquarius Community Solar Gardens, LLC",Tracy,MN,Northern States Power Co - Minnesota,Investor Owned,Cooperative,0.15,0.2,"2,017"
US,USA,building,building,North America,United States of America,us,Minnesota,MN,,"19592 MN 28, Glenwood, Pope County, MN 56334, United States of America","10","19592 MN-28, Glenwood, MN 56334","13,781","Aquila Community Solar Gardens, LLC",Glenwood,MN,Northern States Power Co - Minnesota,Investor Owned,Cooperative,4,5.2,"2,013"
US,USA,building,building,North America,United States of America,us,Minnesota,MN,,"45823 State Highway 22, Kasota Township, MN 56050, United States of America","10","45823 MN-22, Kasota, MN 56050","13,781","Arcturus Community Solar Gardens, LLC",Kasota,MN,Northern States Power Co - Minnesota,Investor Owned,Cooperative,0.13,0.16,"2,015"
US,USA,building,building,North America,United States of America,us,Minnesota,MN,,"598 135th Street Southwest, Edwards Township, MN 56282, United States of America","10","598 135th St SW Raymond, MN","13,781","Aster Community Solar Garden, LLC",Raymond,MN,Northern States Power Co - Minnesota,Investor Owned,Cooperative,0.13,0.16,"2,015"
US,USA,building,building,North America,United States of America,us,Minnesota,MN,,"1491 91st Street, Slayton, Murray County, MN 56172, United States of America","10","1491 91st St, Slayton, MN 56172","13,781","Auriga Community Solar Garden, LLC",Slayton,MN,Northern States Power Co - Minnesota,Investor Owned,Cooperative,0.12,0.16,"2,018"
US,USA,building,building,North America,United States of America,us,Minnesota,MN,Faribault,"23749 Albers Ave, Faribault, MN, United States of America","10","23749 Albers Avenue, Faribault, MN 55021","13,781",Cannon Garden LLC,Faribault,MN,Northern States Power Co - Minnesota,Investor Owned,Cooperative,0.05,0.07,"2,015"
US,USA,building,building,North America,United States of America,us,Minnesota,MN,Belgrade,"21472 343rd Ave, Belgrade, MN, United States of America","10","21472 343rd Ave, Belgrade, MN 56312","13,781","Canopus Community Solar Garden, LLC",Belgrade,MN,Northern States Power Co - Minnesota,Investor Owned,Cooperative,1.06,1.37,
US,USA,building,building,North America,United States of America,us,Minnesota,MN,,"18978 293rd Avenue, Paynesville Township, MN 56362, United States of America","10","18978 293rd Avenue, Paynesville, MN 56362","13,781","Capricornus Community Solar Garden, LLC",Paynesville,MN,Northern States Power Co - Minnesota,Investor Owned,Cooperative,0.54,0.7,"2,017"
US,USA,road,road,North America,United States of America,us,Minnesota,MN,,"State Highway 28, Spaulding, Sauk Centre Township, MN 56336, United States of America","7","19019 State Highway 28, Glenwood, MN 56334","13,781","Cassiopeia Community Solar Gardens, LLC",Glenwood,MN,Northern States Power Co - Minnesota,Investor Owned,Cooperative,0.54,0.7,"2,017"
US,USA,road,road,North America,United States of America,us,Minnesota,MN,Belgrade,"Hwy 55 NE, Belgrade, MN, United States of America","9","15515 Hwy 55, Belgrade, MN 56312","13,781","Deneb Community Solar Garden, LLC",Belgrade,MN,Northern States Power Co - Minnesota,Investor Owned,Cooperative,0.54,0.7,"2,017"
US,USA,road,road,North America,United States of America,us,Minnesota,MN,,"County Highway 34, Newry Township, Freeborn County, MN, United States of America","9","14131 County Hwy 34, Claremont, MN 55924","13,781","Kaus Community Solar Garden, LLC",Claremont,MN,Northern States Power Co - Minnesota,Investor Owned,Cooperative,0.54,0.7,"2,017"
US,USA,building,building,North America,United States of America,us,Minnesota,MN,,"4206 Southwest 8th Street, Meriden Township, Owatonna Township, MN 55060, United States of America","10","4206 SW 8th St, Owatonna, MN 55060","3,519",Lemond Solar,Owatonna,MN,Central Municipal Power Agency/Services,Political Subdivision,Cooperative,0.54,0.7,"2,017"
US,USA,building,building,North America,United States of America,us,Minnesota,MN,,"171 22nd Avenue Northwest, Willmar Township, MN 56201, United States of America","10","171 22nd Ave NW, Glenwood, MN 56334","13,781","Libra Community Solar Garden, LLC",Glenwood,MN,Northern States Power Co - Minnesota,Investor Owned,Cooperative,0.05,0.07,"2,015"
US,USA,place,city,North America,United States of America,us,Minnesota,MN,Waterville,"Waterville, Minnesota, United States of America","7","MN-60 & County Rd 170, Waterville, MN 56096","13,781","Marigold Community Solar Garden, LLC",Waterville,MN,Northern States Power Co - Minnesota,Investor Owned,Cooperative,0.07,0.09,"2,017"
US,USA,building,building,North America,United States of America,us,Minnesota,MN,Faribault,"3073 197th St E, Faribault, MN, United States of America","10","3073 197th St E, Faribault, MN 55021","13,781",Roberds Garden,Faribault,MN,Northern States Power Co - Minnesota,Investor Owned,Cooperative,0.05,0.06,"2,016"
US,USA,road,road,North America,United States of America,us,Minnesota,MN,,"50th Street Southeast, Chippewa County, MN 56260, United States of America","7","10034 50th St SE, Clara City, MN 56222","13,781","Sagittarius Community Solar Gardens, LLC",Watkins,MN,Northern States Power Co - Minnesota,Investor Owned,Cooperative,0.08,0.13,"2,014"
US,USA,building,building,North America,United States of America,us,Minnesota,MN,,"1179 Southeast 15th Avenue, Minneapolis, MN 55414, United States of America","10","1179 15th Ave SE, Minneapolis, MN 55414","13,781",Second Chance Community Solar Garden,Minneapolis,MN,Northern States Power Co - Minnesota,Investor Owned,Cooperative,0.39,0.5,"2,018"
US,USA,road,road,North America,United States of America,us,Minnesota,MN,Waseca,"North State Street, Waseca, MN 56093, United States of America","8","31148 State Highway 13, Waseca, MN 56093","13,781",Silver Lake Garden LLC,Waseca,MN,Northern States Power Co - Minnesota,Investor Owned,Cooperative,0.03,0.05,"2,017"
US,USA,building,building,North America,United States of America,us,Vermont,VT,,"6930 Vermont Route 100, Londonderry, Windham County, VT 05148, United States of America","10","6930 Vermont Rte 100, Londonderry, VT 05148","7,601",Londonderry Garden,Londonderry,VT,Green Mountain Power Corp,Investor Owned,Cooperative,0.04,0.07,"2,017"
US,USA,road,road,North America,United States of America,us,Massachusetts,MA,Brewster,"Yankee Dr, Brewster, MA, United States of America","7","326 Yankee DriveBrewster, Massachusetts 02631","54,913",Brewster Community Solar Garden LLC,Brewster,MA,NSTAR (DBA EverSource),Investor Owned,Cooperative,0.15,0.2,"2,017"
US,USA,building,building,North America,United States of America,us,Massachusetts,MA,Harvard,"296 Ayer Rd, Harvard, MA, United States of America","10","296 Ayer Rd, Harvard, MA 01451","11,804",Harvard Solar Garden Project I,Harvard,MA,National Grid,Investor Owned,Cooperative,0.08,0.13,"2,017"
US,USA,building,building,North America,United States of America,us,Massachusetts,MA,Devens,"295 Ayer Road, Harvard, Devens, MA 01434, United States of America","10","295 Ayer Rd, Harvard, MA 01451","11,804",Harvard Solar Garden Project II - Primary,Harvard,MA,National Grid,Investor Owned,Cooperative,12.98,16.88,"2,018"
US,USA,place_of_worship,place_of_worship,North America,United States of America,us,Maryland,MD,Greenbelt,"Greenbelt Baptist Church, 101 Greenhill Road, Greenbelt, MD 20770, United States of America","9","101 Greenhill Rd, Greenbelt, MD 20770",15270MD,Greenbelt Community Solar,Greenbelt,MD,Potomac Electric Power Co,Investor Owned,Cooperative,12.98,16.88,"2,018"
US,USA,place_of_worship,place_of_worship,North America,United States of America,us,Maryland,MD,,"University Park Church of the Brethren, 4413 Tuckerman Street, University Park, Prince George's County, MD 20782, United States of America","9","4413 Tuckerman St, University Park, MD 20782",15270MD,University Park Community Solar LLC,University Park,MD,Potomac Electric Power Co,Investor Owned,Cooperative,2,2.6,"2,018"
US,USA,building,building,North America,United States of America,us,Colorado,CO,Cortez,"801 North Broadway, Cortez, CO 81321, United States of America","10","801 N Broadway, Cortez, CO 81321","5,862",EEA/GRID CO Solar Garden,Cortez,CO,"Empire Electric Assn, Inc",Cooperative,Rural electric cooperative,2.08,2.7,"2,017"
US,USA,transportation,car_rental,North America,United States of America,us,Minnesota,MN,Moorhead,"Enterprise, 2901 Frontage Road South, Moorhead, MN 56560, United States of America","9","2901 S. Frontage Rd, Moorhead, MN","12,894",2017 Clay County's Community Solar Garden,Moorhead,MN,Moorhead Public Service,Municipal,Publicly owned utility,0.02,0.02,"2,009"
US,USA,building,building,North America,United States of America,us,Minnesota,MN,Moorhead,"2902 Frontage Road South, Moorhead, MN 56560, United States of America","10","2902 S. Frontage Rd, Moorhead, MN","12,894",2017 Community Solar Garden,Moorhead,MN,Moorhead Public Service,Municipal,Publicly owned utility,0.02,0.02,"2,011"
US,USA,building,building,North America,United States of America,us,Minnesota,MN,Moorhead,"2903 Frontage Road South, Moorhead, MN 56560, United States of America","10","2903 S. Frontage Rd, Moorhead, MN","12,894",2017 Concordia's Community Solar Garden,Moorhead,MN,Moorhead Public Service,Municipal,Publicly owned utility,0.31,0.4,"2,015"
US,USA,building,building,North America,United States of America,us,Minnesota,MN,Moorhead,"2904 Frontage Road South, Moorhead, MN 56560, United States of America","10","2904 S. Frontage Rd, Moorhead, MN","12,894",2017 MSUM's Community Solar Garden,Moorhead,MN,Moorhead Public Service,Municipal,Publicly owned utility,0.02,0.03,"2,012"
US,USA,building,building,North America,United States of America,us,Minnesota,MN,Barnesville,"800 2nd Avenue Southwest, Barnesville, MN 56514, United States of America","10","800 2nd Ave SW, Barnesville, MN 56514","1,233",Barnesville Community Solar Garden,Barnesville,MN,City of Barnesville - (MN),Municipal,Publicly owned utility,0.15,0.2,"2,015"
US,USA,building,building,North America,United States of America,us,Oklahoma,OK,,"11277 Veterans Memorial Highway, Seminole County, OK 74868, United States of America","10","11277 OK-99, Seminole, OK 74868","2,911",WFEC-CVEC Seminole Array,Seminole,OK,"Canadian Valley Elec Coop, Inc",Cooperative,Publicly owned utility,0.04,0.05,"2,015"
US,USA,building,building,North America,United States of America,us,Oklahoma,OK,,"11284 Veterans Memorial Highway, Pottawatomie County, OK 74864, United States of America","10","11284 OK-99, Prague, OK 74864","2,911",WFEC-CVEC Shawnee Array,Shawnee,OK,"Canadian Valley Elec Coop, Inc",Cooperative,Publicly owned utility,0.25,0.33,"2,017"
US,USA,building,building,North America,United States of America,us,South Carolina,SC,Walterboro,"1751 Hiers Loop Road, Walterboro, SC 29488, United States of America","10","1751 Hiers Corner Road, Walterboro, SC 29488","16,606",Colleton Solar Farm,Moncks Corner,SC,"Santee Electric Coop, Inc",Cooperative,Publicly owned utility,0.02,0.03,"2,016"
US,USA,road,road,North America,United States of America,us,Minnesota,MN,Detroit Lakes,"Terry Street, Detroit Lakes, MN 56501, United States of America","9","1426 Terry St, Detroit Lakes, MN 56501","5,111",Detroit Lakes Community Solar Garden,Detroit Lakes,MN,Detroit Lakes Public Utilities,Municipal,Publicly owned utility,10,13,"2,021"
US,USA,building,building,North America,United States of America,us,Illinois,IL,Canton,"930 South 5th Avenue, Canton, IL 61520, United States of America","10","930 S 5th Ave, Canton, IL 61520 ","40,307",Spoon River Solar Farm,Astoria,IL,"Prairie Power, Inc",Cooperative,Rural electric cooperative,0.05,0.07,"2,018"
US,USA,building,building,North America,United States of America,us,Michigan,MI,,"Cherryland Electric Cooperative, 5930 US 31 South, Grawn, Grand Traverse County, MI 49637, United States of America","10","5930 US-31, Grawn, MI 49637","3,436",Solar Up North Alliance,Grawn,MI,Cherryland Electric Cooperative,Cooperative,Rural electric cooperative,0.3,0.39,"2,016"
US,USA,building,building,North America,United States of America,us,North Carolina,NC,,"128 Wilson Road, Sanford, NC 27332, United States of America","10","128 Wilson Road, Sanford, NC 27332","3,250",Central Electric Community Solar,Sanford,NC,Central Electric Membership Corp. - (NC),Cooperative,Rural electric cooperative,1.9,2.47,"2,018"
US,USA,road,road,North America,United States of America,us,North Carolina,NC,Hatteras,"State Hwy 12, Hatteras, NC, United States of America","6","North Carolina 12 Mile Marker, 71, Hatteras, NC 27943","2,982",Cape Hatteras Electric Cooperative Community Solar,Hatteras,NC,Cape Hatteras Elec Member Corp,Cooperative,Rural electric cooperative,0.02,0.03,"2,019"
US,USA,building,building,North America,United States of America,us,Utah,UT,Washington,"175 East 200 North, Washington, UT 84780, United States of America","10","175 E 200 N St. George, UT 84770","40,165",Mid-Valley Community Solar Array,St. George,UT,"Dixie Escalante R E A, Inc",Cooperative,Rural electric cooperative,0.25,0.33,"2,016"
US,USA,building,building,North America,United States of America,us,Arkansas,AR,Camden,"700 Bradley Ferry Road, Camden, AR 71701, United States of America","10","700 Bradley Ferry Rd, Camden, AR 71701","14,238",Holly Springs Community Solar,Bearden,AR,Ouachita Electric Coop Corp,Cooperative,Rural electric cooperative,0.06,0.08,"2,018"
US,USA,building,building,North America,United States of America,us,Arkansas,AR,,"2154 Boulder Drive, Washington County, AR 72764, United States of America","10","2154 Boulder Dr, Springdale, AR 72764","14,289",Ozarks Natural Energy,Springdale,AR,Ozarks Electric Coop Corp - (AR),Cooperative,Rural electric cooperative,0.05,0.07,"2,011"
US,USA,road,road,North America,United States of America,us,Arizona,AZ,,"North Vail Road, Coolidge, Pinal County, AZ 85128, United States of America","8","4750 N Vail Rd, Coolidge, AZ 85128","16,572",Salt River Project Community Solar,Phoenix,AZ,Salt River Project,Political Subdivision,Rural electric cooperative,0.14,0.18,"2,017"
US,USA,road,road,North America,United States of America,us,California,CA,,"Cahuilla Road, Cahuilla, Riverside County, CA 92539, United States of America","7","58470 CA-371, Anza, CA 92539","694",Anza Solar Farm,Anza,CA,Anza Electric Coop Inc,Cooperative,Rural electric cooperative,0.66,0.86,"2,011"
US,USA,building,building,North America,United States of America,us,California,CA,,"74 C Street, Herlong, Lassen County, CA 96113, United States of America","10","74 C Street, Herlong, CA 96113","15,308",Pluman-Sierra Community Solar,Herlong,CA,Plumas-Sierra Rural Elec Coop,Cooperative,Rural electric cooperative,1.86,2.42,"2,016"
US,USA,building,building,North America,United States of America,us,Colorado,CO,,"Poudre Valley REA, 7649 REA Parkway, Fort Collins, CO 80528, United States of America","10","7649 Rea Pkwy, Fort Collins, CO 80528","15,257",PVREA Headquarters Solar Array,Fort Collins,CO,Poudre Valley Rural Electric Association,Cooperative,Rural electric cooperative,0.02,0.03,"2,014"
US,USA,place,city,North America,United States of America,us,Colorado,CO,Montrose,"Montrose, Colorado, United States of America","8","11925 6300 Road, Montrose, CO 81401","5,086",Delta Montrose Community Solar Array,Montrose,CO,Delta Montrose Electric Assn,Cooperative,Rural electric cooperative,1.05,1.36,"2,017"
US,USA,place,city,North America,United States of America,us,Colorado,CO,Montrose,"Montrose, Colorado, United States of America","8","11925 6300 Rd, Montrose, CO 81401","5,086",DMEA GRID Alternatives Array (Low Income),Montrose,CO,Delta-Montrose Electric Assn.,Cooperative,Rural electric cooperative,0.02,0.03,"2,015"
US,USA,building,building,North America,United States of America,us,Colorado,CO,,"45 Stewart Street, Durango, CO 81303, United States of America","10"," 45 Stewart St, Durango, CO 81303","10,539",Durango Solar Garden 1,Ignacio,CO,La Plata Electric Association,Cooperative,Rural electric cooperative,0.05,0.07,"2,015"
US,USA,building,building,North America,United States of America,us,Colorado,CO,Durango,"100 Moose Ln, Durango, CO, United States of America","10","100 Moose Ln, Durango, CO 81303","10,539",Durango Solar Garden 2,Durango,CO,La Plata Electric Association,Cooperative,Rural electric cooperative,0.03,0.04,"2,017"
US,USA,building,building,North America,United States of America,us,Colorado,CO,Cortez,"801 North Broadway, Cortez, CO 81321, United States of America","10","801 N Broadway, Cortez, CO 81321","5,862",EEA/GRID CO Solar Garden,Cortez,CO,"Empire Electric Assn, Inc",Cooperative,Rural electric cooperative,2.08,2.7,"2,017"
US,USA,building,building,North America,United States of America,us,Colorado,CO,Rifle,"375 Co Rd 352, Rifle, CO, United States of America","10","375 Co Rd 352, Rifle, CO 81650","8,773",Garfield County Airport Solar Array,Rifle,CO,"Holy Cross Electric Assn, Inc",Cooperative,Rural electric cooperative,0.15,0.19,"2,016"
US,USA,building,building,North America,United States of America,us,Colorado,CO,,"Grand Valley Power, 845 22 Road, Grand Junction, CO 81505, United States of America","10","845 22 Road, Grand Junction, CO 81505","7,563",GVP Phase 3,Grand Junction,CO,Grand Valley Power Cooperative,Cooperative,Rural electric cooperative,0.1,0.13,"2,016"
US,USA,building,building,North America,United States of America,us,Colorado,CO,,"Grand Valley Power, 845 22 Road, Grand Junction, CO 81505, United States of America","10","845 22 Road, Grand Junction, CO 81505","7,563",GVP Phase 3,Grand Junction,CO,Grand Valley Power Cooperative,Cooperative,Rural electric cooperative,0.1,0.13,"2,016"
US,USA,building,building,North America,United States of America,us,Colorado,CO,,"Grand Valley Power, 845 22 Road, Grand Junction, CO 81505, United States of America","10","845 22 Road, Grand Junction, CO 81505","7,563",GVP Phase 3,Grand Junction,CO,Grand Valley Power Cooperative,Cooperative,Rural electric cooperative,0.1,0.13,"2,016"
US,USA,building,building,North America,United States of America,us,Colorado,CO,,"Grand Valley Power, 845 22 Road, Grand Junction, CO 81505, United States of America","10","845 22 Road, Grand Junction, CO 81505","7,563",GVP Phase 3,Grand Junction,CO,Grand Valley Power Cooperative,Cooperative,Rural electric cooperative,0.1,0.13,"2,016"
US,USA,building,building,North America,United States of America,us,Colorado,CO,Gypsum,"132 Buckhorn Valley Boulevard, Gypsum, CO 81637, United States of America","10","0132 Buckhorn Valley Blvd, Gypsum, CO 81637","8,773",HCE Community Solar,Gypsum,CO,"Holy Cross Electric Assn, Inc",Cooperative,Rural electric cooperative,1.3,1.69,"2,018"
US,USA,building,building,North America,United States of America,us,Colorado,CO,,"Holy Cross Energy, 3799 CO 82, Cardiff, Glenwood Springs, CO 81601, United States of America","10","3799 Highway 82, Glenwood Springs, CO 81602","8,773",HCE Community Solar Array 4,Rifle,CO,"Holy Cross Electric Assn, Inc",Cooperative,Rural electric cooperative,1,1.3,"2,017"
US,USA,building,building,North America,United States of America,us,Colorado,CO,Meeker,"450 School Street, Meeker, CO, United States of America","10","450 School St, Meeker, CO 81641","20,576",Meeker Solar Garden,Meeker,CO,"White River Electric Assn, Inc",Cooperative,Rural electric cooperative,0.02,0.02,"2,014"
US,USA,building,building,North America,United States of America,us,Colorado,CO,,"445 West Gunnison Avenue, Grand Junction, CO 81501, United States of America","10","445 W Gunnison Ave, Suite 221, Grand Junction, CO","16,622",Paradox Valley Solar Array,Bedrock,CO,San Miguel Power Association,Cooperative,Rural electric cooperative,0.25,0.33,"2,017"
US,USA,building,building,North America,United States of America,us,Colorado,CO,,"567 County Rd 83, Sunshine, Boulder County, CO 80302, United States of America","10","567 Co Rd 83, Meeker, CO 81641","20,576",Piceance Creek Solar Farm,Meeker,CO,"White River Electric Assn, Inc",Cooperative,Rural electric cooperative,0.03,0.04,
US,USA,building,building,North America,United States of America,us,Colorado,CO,,"Poudre Valley REA, 7649 REA Parkway, Fort Collins, CO 80528, United States of America","10","7649 Rea Pkwy, Fort Collins, CO 80528","15,257",PVREA Headquarters Solar Array,Fort Collins,CO,Poudre Valley Rural Electric Association,Cooperative,Rural electric cooperative,0.02,0.03,"2,014"
US,USA,building,building,North America,United States of America,us,Colorado,CO,,"Poudre Valley REA, 7649 REA Parkway, Fort Collins, CO 80528, United States of America","10","7649 REA Parkway, Fort Collins, CO 80528","15,257",PVREA Solar Array 2,Fort Collins,CO,Poudre Valley Rural Electric Association,Cooperative,Rural electric cooperative,0.02,0.03,"2,015"
US,USA,building,building,North America,United States of America,us,Colorado,CO,Norwood,"1120 Summit St, Norwood, CO, United States of America","10","1120 Summit St, Norwood, CO 81423","16,622",San Miguel Power Association Solar Garden,Norwood,CO,San Miguel Power Association,Cooperative,Rural electric cooperative,1,1.3,"2,019"
US,USA,building,building,North America,United States of America,us,Colorado,CO,Cortez,"801 North Broadway, Cortez, CO 81321, United States of America","10","801 North Broadway, Cortez, CO 81321","5,862",Solar Assist Cooperative Garden,Cortez,CO,"Empire Electric Assn, Inc",Cooperative,Rural electric cooperative,0.08,0.13,"2,012"
US,USA,road,road,North America,United States of America,us,Colorado,CO,Carbondale,"Co Rd 100, Carbondale, CO, United States of America","9","4003 Co Rd 100, Carbondale, CO 81623","8,773",Sunnyside Ranch Community Solar Array,Carbondale,CO,"Holy Cross Electric Assn, Inc",Cooperative,Rural electric cooperative,0.11,0.14,"2,019"
US,USA,road,road,North America,United States of America,us,Colorado,CO,Crested Butte,"Butte Avenue, Crested Butte, CO 81224, United States of America","9","801 Butte Ave, Crested Butte, CO 81224","7,787",Town of Crested Butte Array,Crested Butte,CO,Gunnison County Elec Assn.,Cooperative,Rural electric cooperative,0.1,0.13,"2,016"
US,USA,building,building,North America,United States of America,us,Colorado,CO,,"2211 Elk River Road, Steamboat Springs, CO 80487, United States of America","10","2211 Elk River Road, Steamboat Springs, CO 80487","21,081",Yampa Valley Solar Garden,Steamboat,CO,Yampa Valley Electric Association,Cooperative,Rural electric cooperative,0.05,0.07,"2,017"
US,USA,place,city,North America,United States of America,us,Colorado,CO,Craig,"Craig, Colorado, United States of America","6","3715 E US‑40, Craig, CO 81625","21,081",YVEA Community Solar Array,Craig,CO,Yampa Valley Electric Association,Cooperative,Rural electric cooperative,0.02,0.03,
US,USA,building,building,North America,United States of America,us,Delaware,DE,,"23031 East Trap Pond Road, Sussex County, DE 19947, United States of America","10","23031 E. Trap Pond Road, Georgetown, DE 19947","5,070",Bruce A. Henry Solar Farm,Georgetown,DE,Delaware Electric Cooperative,Cooperative,Rural electric cooperative,0.09,0.12,"2,017"
US,USA,road,road,North America,United States of America,us,Florida,FL,De Funiak Springs,"US Hwy 331 N, De Funiak Springs, FL, United States of America","6","655 US Hwy 331N, Defuniak Springs, FL 32433","3,502",CHELCO Colar Farm,Defuniak Springs,FL,"Choctawhatche Elec Coop, Inc",Cooperative,Rural electric cooperative,0.05,0.07,"2,016"
US,USA,place,county,North America,United States of America,us,Florida,FL,,"Citrus County, Florida, United States of America","9","56631 Overseas Highway, Crawl Key, FL","6,443",Crawl Key array,Marathon,FL,"Florida Keys El Coop Assn, Inc",Cooperative,Rural electric cooperative,0.24,0.31,"2,017"
US,USA,building,building,North America,United States of America,us,Florida,FL,,"6697 North County Road 663, Fort Green, Hardee County, FL 33834, United States of America","10","6697 N County Road 663, Bowling Green, FL 33834","21,554",Hardee County,Bowling Green,FL,Seminole Electric Cooperative Inc,Cooperative,Rural electric cooperative,0.02,0.02,"2,016"
US,USA,road,road,North America,United States of America,us,Florida,FL,Hilliard,"Old Dixie Hwy, Hilliard, FL, United States of America","7","458442 Old Dixie Hwy, Hilliard, FL 32046","31,833",Hilliard Community Solar,Hilliard,FL,Okefenoke Rural El Member Corp,Cooperative,Rural electric cooperative,0.07,0.1,"2,008"
US,USA,building,building,North America,United States of America,us,Florida,FL,,"3421 Overseas Highway, Marathon, Monroe County, FL 33050, United States of America","10","3421 Overseas Highway, Marathon, FL","6,443",Marathon array,Marathon,FL,"Florida Keys El Coop Assn, Inc",Cooperative,Rural electric cooperative,0.16,0.21,"2,016"
US,USA,road,road,North America,United States of America,us,Georgia,GA,Kingsland,"Kinlaw Road, Kinlaw, Kingsland, GA 31569, United States of America","7","2059 Kinlaw Rd, Kingsland, GA 31548","407",Altamaha Cooperative Solar,Lyons,GA,Altamaha Electric Member Corp,Cooperative,Rural electric cooperative,0.03,0.04,"2,015"
US,USA,road,road,North America,United States of America,us,Georgia,GA,Midway,"S Coastal Hwy, Midway, GA, United States of America","7","1265 S Coastal Hwy 17 s, Midway, GA 31320","3,843",Coastal - Liberty County,Midway,GA,Coastal Electric Member Corp,Cooperative,Rural electric cooperative,0.04,0.05,"2,018"
US,USA,road,road,North America,United States of America,us,Georgia,GA,,"South Coastal Highway, Liberty County, GA 31320, United States of America","8","1265 S Coastal Hwy, Midway, GA 31320","31,833",Kingsland Community Solar,Kingsland,GA,Okefenoke Rural El Member Corp,Cooperative,Rural electric cooperative,0.92,1.2,"2,015"
US,USA,building,building,North America,United States of America,us,Georgia,GA,Lyons,"611 West Liberty Avenue, Lyons, GA 30436, United States of America","10","611 W Liberty Ave, Lyons, GA 30436","3,843",Coastal Electric Coop Community Solar,Midway,GA,Coastal Electric Member Corp,Cooperative,Rural electric cooperative,0.08,0.1,"2,016"
US,USA,road,road,North America,United States of America,us,Georgia,GA,Brunswick,"E Glynn Ave, Brunswick, GA, United States of America","6","West Glynn Solar Farm, Brunswick, GA 31523","31,833",Glynn County Community Solar,Brunswick,GA,Okefenoke Rural El Member Corp,Cooperative,Rural electric cooperative,0.67,1.13,"2,017"
US,USA,building,building,North America,United States of America,us,Georgia,GA,Hiram,"7981 Ridge Rd, Hiram, GA, United States of America","10","7981 Ridge Rd, Hiram, GA 30141","7,090",GreyStone Solar Farm,Hiram,GA,GreyStone Power Corporation,Cooperative,Rural electric cooperative,0.94,1.22,"2,016"
US,USA,building,building,North America,United States of America,us,Georgia,GA,Fitzgerald,"158 Ocilla Highway, Fitzgerald, GA 31750, United States of America","10","158 Ocilla Hwy, Fitzgerald, GA 31750","9,431",Irwin EMC Cooperative Solar Field,Fitzgerald,GA,Irwin Electric Membership Corp,Cooperative,Rural electric cooperative,0.18,0.23,"2,017"
US,USA,road,road,North America,United States of America,us,Georgia,GA,,"South Coastal Highway, Liberty County, GA 31320, United States of America","8","1265 S Coastal Hwy, Midway, GA 31320","31,833",Kingsland Community Solar,Kingsland,GA,Okefenoke Rural El Member Corp,Cooperative,Rural electric cooperative,0.92,1.2,"2,015"
US,USA,road,road,North America,United States of America,us,Georgia,GA,,"Tippettville Road, Dooly County, GA 31092, United States of America","9","600 Tippettville Rd, Vienna, GA 31092","12,472",Middle Georgia Community Solar,Vienna,GA,Middle Georgia El Member Corp,Cooperative,Rural electric cooperative,1,1.3,"2,017"
US,USA,place,city,North America,United States of America,us,Georgia,GA,Alma,"Alma, Georgia, United States of America","5","928 GA‑32 E, Alma, GA 31510","16,674",Satilla REMC Cooperative Solar,Alma,GA,Satilla Rural Elec Member Corporation,Cooperative,Rural electric cooperative,1,1.3,"2,017"
US,USA,road,road,North America,United States of America,us,Georgia,GA,Eatonton,"Recreation Rd, Eatonton, GA, United States of America","7","112 Recreation Park Rd, Eatonton, GA 31024","18,956",Tri-County EMC ourSolar,Eatonton,GA,Tri-County Elec Member Corp,Cooperative,Rural electric cooperative,1,1.3,"2,017"
US,USA,building,building,North America,United States of America,us,Georgia,GA,,"842 US 78;GA 10, Mount Vernon, Walton County, GA 30655, United States of America","10","842 US-78, Monroe, GA 30655","20,065",Walton II Cooperative Solar,Monroe,GA,Walton Electric Member Corp,Cooperative,Rural electric cooperative,1,1.3,"2,017"
US,USA,building,building,North America,United States of America,us,Georgia,GA,,"842 US 78;GA 10, Mount Vernon, Walton County, GA 30655, United States of America","10","842 US-78, Monroe, GA 30655","20,065",Walton II Cooperative Solar,Monroe,GA,Walton Electric Member Corp,Cooperative,Rural electric cooperative,1,1.3,"2,017"
US,USA,road,road,North America,United States of America,us,Georgia,GA,Monroe,"Ike Stone Rd, Monroe, GA, United States of America","9","1474 Ike Stone Rd
Monroe, Georgia","20,065",Walton III Cooperative Solar,Monroe,GA,Walton Electric Member Corp,Cooperative,Rural electric cooperative,1,1.3,"2,017"
US,USA,building,building,North America,United States of America,us,Iowa,IA,Postville,"229 North Lawler Street, Postville, IA 52162, United States of America","10","229 IA-51, Postville, IA 52162","329",ACEC SunSource,Postville,IA,"Allamakee-Clayton El Coop, Inc",Cooperative,Rural electric cooperative,1,1.3,"2,017"
US,USA,road,road,North America,United States of America,us,Iowa,IA,,"George P. Soumas Memorial Highway, Coon Rapids, Union Township, IA 50058, United States of America","8","30551 IA-141, Coon Rapids, IA 50058","7,303",Coon Rapids Array,Coon Rapids,IA,Raccoon Valley Electric Cooperative,Cooperative,Rural electric cooperative,1,1.3,"2,017"
US,USA,building,building,North America,United States of America,us,Iowa,IA,,"809 Fox Avenue, Odebolt, Richland Township, IA 51458, United States of America","10","809 IA-39, Denison, IA 51442","19,437",Denison Cooperative Solar,Denison,IA,Western Iowa Power Coop,Cooperative,Rural electric cooperative,1,1.3,"2,017"
US,USA,road,road,North America,United States of America,us,North Carolina,NC,Hatteras,"Hatteras Ct, Hatteras, NC, United States of America","5","71, Hatteras Village, NC 27943","6,168",FEC Community Solar Garden,Kalona,IA,Farmers Electric Coop - (IA),Cooperative,Rural electric cooperative,0.12,0.16,"2,017"
US,USA,road,road,North America,United States of America,us,Iowa,IA,Hampton,"US Hwy 65, Hampton, IA, United States of America","9","1228 U.S. Highway 65, Hampton, IA 50441","6,722",Franklin Community Solar Garden,Hampton,IA,Franklin Rural Electric Coop - (IA),Cooperative,Rural electric cooperative,0.25,0.33,"2,017"
US,USA,building,building,North America,United States of America,us,Iowa,IA,,"3079 Easton Trail, Woodbine, Harrison County, IA 51579, United States of America","10","3079 Easton Trail, Woodbine, IA 51579","8,283",Harrison County REC,Woodbine,IA,Harrison County REC,Cooperative,Rural electric cooperative,0.03,0.04,"2,018"
US,USA,building,building,North America,United States of America,us,Iowa,IA,,"1605 Avenue of the Saints, Floyd County, IA 50435, United States of America","10","1605 US-218, St Ansgar, IA 50472","8,319",Heartland Community Solar,St. Ansgar,IA,Heartland Power Coop,Cooperative,Rural electric cooperative,0.07,0.09,"2,016"
US,USA,building,building,North America,United States of America,us,Iowa,IA,Iowa Falls,"730 South River Street, Iowa Falls, IA 50126, United States of America","10","730 South River Street, Iowa Falls, IA","12,450",Midland Power Community Solar,Iowa Falls,IA,Midland Power Coop,Cooperative,Rural electric cooperative,0.02,0.03,"2,015"
US,USA,building,building,North America,United States of America,us,Iowa,IA,,"418 East Iowa Avenue, George, Lyon County, IA 51237, United States of America","10","418 E Iowa Ave, Onawa, IA 51040","19,437",Onawa Cooperative Solar,Onawa,IA,Western Iowa Power Coop,Cooperative,Rural electric cooperative,0.04,0.05,"2,015"
US,USA,building,building,North America,United States of America,us,Iowa,IA,Clarion,"2551 230th Street, Clarion, IA 50525, United States of America","10","2551 230th St, Clarion, IA 50525","15,291",Prairie Energy Community Solar Program,Clarion,IA,Prairie Energy Coop,Cooperative,Rural electric cooperative,0.05,0.07,"2,017"
US,USA,building,building,North America,United States of America,us,Iowa,IA,,"24049 State Highway 9, Vernon Springs Township, IA 52136, United States of America","10","24049 IA‑9, Cresco, IA 52136","19,157",Renewable Rays - Cresco,Cresco,IA,MiEnergy Cooperative,Cooperative,Rural electric cooperative,0.06,0.08,"2,017"
US,USA,building,building,North America,United States of America,us,Iowa,IA,,"5463 130th Street, Osceola County, IA 51249, United States of America","10","5463 130th St, Sibley, IA 51249","14,202",Sterler Community Solar Park,Sibley,IA,"Osceola Electric Coop, Inc",Cooperative,Rural electric cooperative,0.27,0.35,"2,016"
US,USA,road,road,North America,United States of America,us,Idaho,ID,Worley,"Setters Rd, Worley, ID, United States of America","5","18182 West Setters Road, Worley, Idaho","10,454",Kootenai Community Solar Project,Worley,ID,Kootenai Electric Cooperative,Cooperative,Rural electric cooperative,1,1.3,
US,USA,building,building,North America,United States of America,us,Idaho,ID,,"421 Chevy Street, Sagle, Bonner County, ID 83860, United States of America","10","421 Chevy St, Sagle, ID 83860","13,758",Northern Lights Community Solar,Sagle,ID,"Northern Lights, Inc",Cooperative,Rural electric cooperative,0.86,1.12,"2,012"
US,USA,road,road,North America,United States of America,us,Illinois,IL,Paris,"Co Rd 1, Paris, IL, United States of America","6","11597 IL Highway 1, Paris, IL 61944","40,211",Co-op Solar,Paris,IL,"Wabash Valley Power Assn, Inc",Cooperative,Rural electric cooperative,0.09,0.12,"2,016"
US,USA,road,road,North America,United States of America,us,Illinois,IL,Blue Mound,"E Power St, Blue Mound, IL, United States of America","4","Solar Power Plant, Shelbyville, IL 62565","40,307",Shelby Solar Farm,Shelbyville,IL,"Prairie Power, Inc",Cooperative,Rural electric cooperative,0.1,0.13,"2,014"
US,USA,building,building,North America,United States of America,us,Indiana,IN,Laotto,"220 Co Rd 70, Laotto, IN, United States of America","10","220 Co Rd 70, Laotto, IN 46763","40,211",Co-op Solar,LaOtto,IN,"Wabash Valley Power Assn, Inc",Cooperative,Rural electric cooperative,0.25,0.33,"2,017"
US,USA,building,building,North America,United States of America,us,Indiana,IN,Peru,"3086 W 100 N, Peru, IN, United States of America","10","3086 W 100 N, Peru, IN 46970","40,211",Co-op Solar,Peru,IN,"Wabash Valley Power Assn, Inc",Cooperative,Rural electric cooperative,0.04,0.07,"2,015"
US,USA,place,city,North America,United States of America,us,Indiana,IN,Wanatah,"Wanatah, Indiana, United States of America","6","8642 W, US-30, Wanatah, IN 46390","40,211",Co-op Solar,Wanatah,IN,"Wabash Valley Power Assn, Inc",Cooperative,Rural electric cooperative,0.04,0.07,"2,016"
US,USA,road,road,North America,United States of America,us,Indiana,IN,Columbus,"W 625 S, Columbus, IN, United States of America","9","2457 W 625 S, Columbus, IN 47201","9,267",MySolar,Columbus,IN,"Hoosier Energy R E C, Inc",Cooperative,Rural electric cooperative,5.4,7.02,
US,USA,road,road,North America,United States of America,us,Indiana,IN,Dale,"Co Rd 2100 N, Dale, IN, United States of America","6","4773 County Rd 2100 N, Dale, IN 47523","9,267",MySolar,Dale,IN,"Hoosier Energy R E C, Inc",Cooperative,Rural electric cooperative,0.44,0.75,"2,016"
US,USA,road,road,North America,United States of America,us,Indiana,IN,Ellettsville,"State Rd 46, Ellettsville, IN, United States of America","5","8439 W SR 46, Ellettsville, IN 47429","9,267",MySolar,Ellettsville,IN,"Hoosier Energy R E C, Inc",Cooperative,Rural electric cooperative,2.5,3.25,"2,017"
US,USA,building,building,North America,United States of America,us,Indiana,IN,,"4900 Farnsley Road Northeast, Floyd County, IN 47122, United States of America","10","4900 Farnsley Road, Lanesville, IN 47136","9,267",MySolar,Lanesville,IN,"Hoosier Energy R E C, Inc",Cooperative,Rural electric cooperative,0.16,0.21,"2,017"
US,USA,building,building,North America,United States of America,us,Indiana,IN,,"955 West County Road 500 South, Tarkeo Corner, Decatur County, IN 47240, United States of America","10","955 W CR 500 S, New Castle, IN 47362","9,267",MySolar,New Castle,IN,"Hoosier Energy R E C, Inc",Cooperative,Rural electric cooperative,0.08,0.1,"2,016"
US,USA,road,road,North America,United States of America,us,Indiana,IN,Orleans,"S Maple St, Orleans, IN, United States of America","4","7700 S Maple Flats Rd, Newberry, IN 47449","9,267",MySolar,Newberry,IN,"Hoosier Energy R E C, Inc",Cooperative,Rural electric cooperative,0.09,0.12,"2,012"
US,USA,road,road,North America,United States of America,us,Indiana,IN,Franklin,"State Rd 135, Franklin, IN, United States of America","4","2457 S SR 135, Trafalgar, IN 46181","9,267",MySolar,Trafalgar,IN,"Hoosier Energy R E C, Inc",Cooperative,Rural electric cooperative,0.48,0.63,"2,015"
US,USA,building,building,North America,United States of America,us,Indiana,IN,,"217 Henretty Road, Underwood, Clark County, IN 47177, United States of America","10","217 Henretty Road, Underwood, IN 47177","9,267",MySolar,Underwood,IN,"Hoosier Energy R E C, Inc",Cooperative,Rural electric cooperative,0.14,0.23,
US,USA,road,road,North America,United States of America,us,Indiana,IN,,"South Old Palestine Road, Lawrence County, IN, United States of America","9","1000 S Old Palestine Road, Mitchell, IN 47446","40,211",MySolar,Mitchell,IN,"Hoosier Energy R E C, Inc",Cooperative,Rural electric cooperative,0.02,0.02,"2,014"
US,USA,building,building,North America,United States of America,us,Indiana,IN,Greenfield,"2243 East Main Street, Greenfield, IN 46140, United States of America","10","2243 East Main Street, Greenfield, IN 46140","8,000",NineStar Community Solar Farm,Greenfield,IN,NineStar Connect,Cooperative,Rural electric cooperative,0.06,0.07,"2,014"
US,USA,road,road,North America,United States of America,us,Indiana,IN,Columbia City,"Park 30 Dr, Columbia City, IN, United States of America","5","4901 E Park 30 Dr, Columbia City, IN","20,603",Northeastern REMC Community Solar,Columbia City,IN,Northeastern Rural E M C,Cooperative,Rural electric cooperative,0.12,0.16,"2,017"
US,USA,road,road,North America,United States of America,us,Indiana,IN,Linton,"S Main St, Linton, IN, United States of America","8","403 S Main St, Linden, IN","18,940",Tipmont REMC Community Solar,Linden,IN,Tipmont Rural Elec Member Corp,Cooperative,Rural electric cooperative,0.09,0.11,"2,015"
US,USA,road,road,North America,United States of America,us,Kansas,KS,,"Veterans Memorial Drive, Thomas County, KS 67701, United States of America","8","410 Veterans Memorial Dr, Colby, KS 67701","12,524",Midwest Community Solar Array 1,Colby,KS,Midwest Energy Inc.,Cooperative,Rural electric cooperative,1.2,1.56,"2,016"
US,USA,building,building,North America,United States of America,us,Michigan,MI,,"7973 East Grand River Avenue, Portland Township, MI 48875, United States of America","10","7973 E. Grand River Ave, Portland, MI 48875","19,396",Homeworks Community Solar Garden,Portland,MI,Tri-County Electric Coop,Cooperative,Rural electric cooperative,15.38,26,"2,011"
US,USA,road,road,North America,United States of America,us,Michigan,MI,Cadillac,"W Watergate Rd, Cadillac, MI, United States of America","8","10125 W Watergate Rd, Cadillac, MI 49601","20,910",Spartan Solar,Cadillac,MI,Wolverine Power Supply Coop,Cooperative,Rural electric cooperative,0.15,0.2,"2,017"
US,USA,road,road,North America,United States of America,us,Michigan,MI,Decatur,"Decatur Rd, Decatur, MI, United States of America","9","60590 Decatur Rd, Cassopolis, MI 49031","12,377",SpartanSolar-MEC,Cassopolis,MI,Midwest Energy and Communications,Cooperative,Rural electric cooperative,1,1.3,"2,016"
US,USA,road,road,North America,United States of America,us,Minnesota,MN,,"West Highway 61, West Cook, MN, United States of America","9","5401 West Highway 61, Lutsen, MN 55612","887",AECI headquarters,Lutsen,MN,Arrowhead Electric Coop,Cooperative,Rural electric cooperative,0.15,0.2,"2,016"
US,USA,road,road,North America,United States of America,us,Minnesota,MN,Brainerd,"State Hwy 371, Brainerd, MN, United States of America","7","17330 State Hwy 371 N, Brainerd, MN 56401","4,577",Community Solar Phase 1,Brainerd,MN,Crow Wing Cooperative Power & Light Comp,Cooperative,Rural electric cooperative,0.02,0.02,"2,019"
US,USA,road,road,North America,United States of America,us,Minnesota,MN,Brainerd,"State Hwy 371, Brainerd, MN, United States of America","6","17331 State Hwy 371 N, Brainerd, MN 56401","4,577",Community Solar Phase 2,Brainerd,MN,Crow Wing Cooperative Power & Light Comp,Cooperative,Rural electric cooperative,0.5,0.65,"2,015"
US,USA,building,building,North America,United States of America,us,Minnesota,MN,,"1401 South Broadway, Pelican Rapids, Otter Tail County, MN 56572, United States of America","10","1401 S Broadway, Pelican Rapids, MN 56572","10,618",LREC Community Solar Phase 2,Pelican Rapids,MN,Lake Region Electric Cooperative - (MN),Cooperative,Rural electric cooperative,4,5.2,"2,018"
US,USA,building,building,North America,United States of America,us,Minnesota,MN,,"1401 South Broadway, Pelican Rapids, Otter Tail County, MN 56572, United States of America","10","1401 S Broadway, Pelican Rapids, MN 56572","10,618",LREC Community Solar Phase 2,Pelican Rapids,MN,Lake Region Electric Cooperative - (MN),Cooperative,Rural electric cooperative,4,5.2,"2,018"
US,USA,building,building,North America,United States of America,us,Minnesota,MN,Glencoe,"McLeod Cooperative Power, 3515 11th Street East, Glencoe, MN 55336, United States of America","10","3515 11th St E, Glencoe, MN 55336","11,910",McLeod Co-op Community Solar,Glencoe,MN,McLeod Cooperative Power Assn,Cooperative,Rural electric cooperative,0.08,0.1,"2,015"
US,USA,place,city,North America,United States of America,us,Minnesota,MN,Litchfield,"Litchfield, Minnesota, United States of America","6","62967 MN-24, Litchfield, MN 55355","12,227",Meeker Cooperative’s Solar,Litchfield,MN,Meeker Coop Light & Power Assn,Cooperative,Rural electric cooperative,0.13,0.17,"2,015"
US,USA,road,road,North America,United States of America,us,Minnesota,MN,,"Main Avenue, Deer River, Itasca County, MN, United States of America","9","301 Main Ave, Bigfork, MN 56628","13,700",North Itasca Community Solar,Bigfork,MN,North Itasca Electric Coop Inc,Cooperative,Rural electric cooperative,0.03,0.04,"2,016"
US,USA,building,building,North America,United States of America,us,Minnesota,MN,,"Beltrami Electric Cooperative, 4111 Technology Drive Northwest, Bemidji, MN 56601, United States of America","10","4111 Technology Dr NW, Bemidji, MN 56601","1,529",Northern Solar,Bemidji,MN,"Beltrami Electric Coop, Inc",Cooperative,Rural electric cooperative,0.03,0.04,"2,016"
US,USA,road,road,North America,United States of America,us,Minnesota,MN,,"Industrial Drive Southeast, Chatfield, Fillmore County, MN 55923, United States of America","9","620 Industrial Dr SE, Elgin, MN 55932","14,468",People's Community Solar,Elgin,MN,People's Cooperative Services,Cooperative,Rural electric cooperative,0.03,0.04,"2,016"
US,USA,building,building,North America,United States of America,us,Minnesota,MN,,"24500 US Highway 14, Lamberton, Redwood County, MN 56152, United States of America","10","24500 US-14, Lamberton, MN 56152","15,750",Redwood Electric Community Solar,Lamberton,MN,Redwood Electric Coop,Cooperative,Rural electric cooperative,0.03,0.04,"2,016"
US,USA,building,building,North America,United States of America,us,Minnesota,MN,,"Mi Energy, 31110 Cooperative Way, Rushford Village, Fillmore County, MN 55971, United States of America","10","31110 Cooperative Way, Rushford Village, MN 55971","19,157",Renewable Rays - Rushford,Rushford,MN,MiEnergy Cooperative,Cooperative,Rural electric cooperative,0.03,0.04,"2,016"
US,USA,building,building,North America,United States of America,us,Minnesota,MN,Ramsey,"14601 Ramsey Boulevard Northwest, Ramsey, MN 55303, United States of America","10","14601 Ramsey Blvd NW, Ramsey, MN 55303","689",SolarWise,Ramsey,MN,Connexus Energy,Cooperative,Rural electric cooperative,0.03,0.04,"2,016"
US,USA,building,building,North America,United States of America,us,Minnesota,MN,Two Harbors,"Cooperative Light & Power, 1554 Highway 2, Two Harbors, MN 55616, United States of America","10","1554 Highway 2, Two Harbors, MN 55616","4,346",SolarWise,Two Harbors,MN,Cooperative Light and Power,Cooperative,Rural electric cooperative,0.18,0.23,"2,017"
US,USA,building,building,North America,United States of America,us,Minnesota,MN,,"8605 47th Street Northeast, Green Lake Township, MN 56288, United States of America","10","8605 47th St NE, Spicer, MN 56288","9,991",SolarWise,Spicer,MN,Kandiyohi Power Coop,Cooperative,Rural electric cooperative,1.12,1.46,"2,016"
US,USA,building,building,North America,United States of America,us,Minnesota,MN,,"29643 Frontage Road, Saint Joseph Township, MN 56374, United States of America","10","29643 Frontage Road, St. Joseph, MN 56374","18,019",SolarWise,St. Joseph,MN,Stearns Cooperative Elec Assn,Cooperative,Rural electric cooperative,0.67,0.87,"2,018"
US,USA,building,building,North America,United States of America,us,Minnesota,MN,Owatonna,"2411 West Bridge Street, Owatonna, MN 55060, United States of America","10","2411 W. Bridge St, Owatonna, MN 55060","18,047",SolarWise,Owatonna,MN,Steele-Waseca Cooperative Electric,Cooperative,Rural electric cooperative,0.18,0.23,"2,016"
US,USA,building,building,North America,United States of America,us,Minnesota,MN,Park Rapids,"16930 County 6, Park Rapids, MN 56470, United States of America","10","16930 County 6, Park Rapids, MN 56470","9,475",SolarWise,Park Rapids,MN,Itasca-Mantrap Co-op Electrical Assn,Cooperative,Rural electric cooperative,0.08,0.13,"2,014"
US,USA,place,city,North America,United States of America,us,Minnesota,MN,Alexandria,"Alexandria, Minnesota, United States of America","6","6839 Power Ln SW, Alexandria, MN 56308","16,368",Solarwise,Alexandria,MN,Runestone Electric Assn,Cooperative,Rural electric cooperative,2,2.6,"2,017"
US,USA,road,road,North America,United States of America,us,Minnesota,MN,,"499th Avenue, Butternut Valley Township, Blue Earth County, MN 56055, United States of America","7","19322 499th Ave, Lake Crystal, MN 56055","17,550",South Central Electric Community solar array,Lake Crystal,MN,South Central Electric Assn,Cooperative,Rural electric cooperative,0.15,0.26,"2,017"
US,USA,building,building,North America,United States of America,us,Minnesota,MN,Rockford,"6800 Electric Drive, Rockford, MN 55373, United States of America","10","6800 Electric Dr, Rockford, MN 55373","20,996",WH Project 2,Rockford,MN,Wright-Hennepin Coop Elec Assn,Cooperative,Rural electric cooperative,0.08,0.14,"2,017"
US,USA,building,building,North America,United States of America,us,Minnesota,MN,Rockford,"6800 Electric Drive, Rockford, MN 55373, United States of America","10","6800 Electric Dr, Rockford, MN 55373","20,996",WH Project 2,Rockford,MN,Wright-Hennepin Coop Elec Assn,Cooperative,Rural electric cooperative,0.08,0.14,"2,017"
US,USA,building,building,North America,United States of America,us,Minnesota,MN,Rockford,"6800 Electric Drive, Rockford, MN 55373, United States of America","10","6800 Electric Drive, Rockford, MN 55373","20,996",WH Project 4,Medina,MN,Wright-Hennepin Coop Elec Assn,Cooperative,Rural electric cooperative,1.98,2.57,"2,016"
US,USA,building,building,North America,United States of America,us,Minnesota,MN,Rockford,"6800 Electric Drive, Rockford, MN 55373, United States of America","10","6800 Electric Drive, Rockford, MN 55373","20,996",WH Project 4,Medina,MN,Wright-Hennepin Coop Elec Assn,Cooperative,Rural electric cooperative,1.98,2.57,"2,016"
US,USA,building,building,North America,United States of America,us,Missouri,MO,,"1413 Rangeline Street, Columbia, MO 65201, United States of America","10","1413 Rangeline St, Columbia, MO 65201","2,001",Boone Electric Community Solar Farm,Columbia,MO,Boone Electric Coop,Cooperative,Rural electric cooperative,0.04,0.05,"2,016"
US,USA,road,road,North America,United States of America,us,Missouri,MO,Perryville,"Rand Avenue, Perryville, MO 63775, United States of America","9","1500 Rand Ave, Perryville, MO 63775","40,211",Co-op Solar,"Ste. Genevieve
",MO,"Wabash Valley Power Assn, Inc",Cooperative,Rural electric cooperative,1.18,1.54,"2,016"
US,USA,road,road,North America,United States of America,us,Missouri,MO,Kearney,"State Hwy 92, Kearney, MO, United States of America","7","1000 W State Route 92, Kearney, MO 64060","15,138",Solartech,Kearney,MO,"Platte-Clay Electric Coop, Inc",Cooperative,Rural electric cooperative,0.1,0.13,"2,014"
US,USA,building,building,North America,United States of America,us,Montana,MT,,"35 Terry Road, Evergreen, MT 59901, United States of America","10","35 Terry Rd, Kalispell, MT 59901","6,395",Community Solar Phase II,Kalispell,MT,Flathead Electric Coop Inc,Cooperative,Rural electric cooperative,0.1,0.13,"2,015"
US,USA,building,building,North America,United States of America,us,Montana,MT,,"84423 US Highway 87, Fergus County, MT 59457, United States of America","10","84423 US-87, Lewistown, MT 59457","21,513",Cooperative Solar,Lewistown,MT,"Fergus Electric Coop, Inc",Cooperative,Rural electric cooperative,0.08,0.1,"2,015"
US,USA,commerce,restaurant,North America,United States of America,us,Montana,MT,,"KettleHouse Bonner Taproom, 605 Cold Smoke Avenue, Bonner, Missoula County, MT 59823, United States of America","9","605 Cold Smoke Ave, Bonner, MT 59823","12,692",Phase I,Lolo,MT,"Missoula Electric Coop, Inc",Cooperative,Rural electric cooperative,0.25,0.33,"2,017"
US,USA,commerce,restaurant,North America,United States of America,us,Montana,MT,,"KettleHouse Bonner Taproom, 605 Cold Smoke Avenue, Bonner, Missoula County, MT 59823, United States of America","9","605 Cold Smoke Ave, Bonner, MT 59823","12,692",Phase I,Lolo,MT,"Missoula Electric Coop, Inc",Cooperative,Rural electric cooperative,0.25,0.33,"2,017"
US,USA,building,building,North America,United States of America,us,Connecticut,CT,Trumbull,"30 Frenchtown Road, Ox Hill, Trumbull, CT 06611, United States of America","10","30 Frenchtown Rd, Trumbull, CT 06611","12,692",Phase II,Frenchtown,MT,"Missoula Electric Coop, Inc",Cooperative,Rural electric cooperative,1,1.3,"2,017"
US,USA,road,road,North America,United States of America,us,Montana,MT,Red Lodge,"North Broadway Avenue, Red Lodge, MT 59068, United States of America","9","1306 Broadway Ave N, Red Lodge, MT 59068","1,417",SHARES DU SOLEIL,Red Lodge,MT,"Beartooth Electric Coop, Inc",Cooperative,Rural electric cooperative,9.9,12.87,"2,019"
US,USA,building,building,North America,United States of America,us,Montana,MT,,"1840 Whitefish Stage Road, Kalispell, MT 59901, United States of America","10","1840 Whitefish Stage Rd, Kalispell, MT 59901","6,395",Solar Utility Network (SUN),Kalispell,MT,Flathead Electric Coop Inc,Cooperative,Rural electric cooperative,0.04,0.07,"2,015"
US,USA,building,building,North America,United States of America,us,Montana,MT,Victor,"143 Bell Xing W, Victor, MT, United States of America","10","143 Bell Xing West, Victor, MT 59875","26,916",Valley Solar,Victor,MT,"Ravalli County Elec Coop, Inc",Cooperative,Rural electric cooperative,1,1.3,"2,015"
US,USA,building,building,North America,United States of America,us,North Carolina,NC,,"1889 US Highway 21 N, Alleghany County, NC 28675, United States of America","10","1889 Hwy 21 S, Sparta, NC 28675","1,889",Alleghany Community Solar,Sparta,NC,Blue Ridge Elec Member Corp - (NC),Cooperative,Rural electric cooperative,2.5,3.25,"2,016"
US,USA,road,road,North America,United States of America,us,North Carolina,NC,West Jefferson,"State Hwy 163, West Jefferson, NC, United States of America","8","2375 NC Hwy 163, West Jefferson, NC 28694","1,889",Ashe Community Solar,Jefferson,NC,Blue Ridge Elec Member Corp - (NC),Cooperative,Rural electric cooperative,3,3.9,"2,017"
US,USA,building,building,North America,United States of America,us,North Carolina,NC,Chadbourn,"2681 Georgia Pacific Rd, Chadbourn, NC, United States of America","10","2681 Georgia Pacific Rd, Chadbourn, NC 28431","24,889",Brunswick Electric Member Corp Community Solar 1,Chadbourn,NC,Brunswick Electric Member Corp,Cooperative,Rural electric cooperative,0.09,0.12,"2,016"
US,USA,building,building,North America,United States of America,us,North Carolina,NC,,"4755 Ocean Highway East, Bell Swamp, Brunswick County, NC 28422, United States of America","10","4755 Ocean Hwy E, Bolivia, NC 28422","24,889",Brunswick Electric Member Corp Community Solar 2,Bolivia,NC,Brunswick Electric Member Corp,Cooperative,Rural electric cooperative,0.13,0.16,"2,017"
US,USA,building,building,North America,United States of America,us,North Carolina,NC,,"3271 Wilkesboro Boulevard, Cedar Rock, Caldwell County, NC 28645, United States of America","10","3271 Wilkesboro Blvd, Lenoir, NC 28645","1,889",Kings Creek Community Solar,Lenoir,NC,Blue Ridge Elec Member Corp - (NC),Cooperative,Rural electric cooperative,0.25,0.33,"2,017"
US,USA,road,road,North America,United States of America,us,North Carolina,NC,Farmville,"Cooperative Way, Farmville, NC 27828, United States of America","9","100 Cooperative Way, Lenoir, NC 28645","1,889",Patterson Community Solar,Lenoir,NC,Blue Ridge Elec Member Corp - (NC),Cooperative,Rural electric cooperative,0.1,0.13,"2,017"
US,USA,building,building,North America,United States of America,us,North Carolina,NC,,"575 US 52, Anson County, NC 28170, United States of America","10","575 US-52, Wadesboro, NC 28170","14,717",Pee Dee Solar,Wadesboro,NC,Pee Dee Electric Member Corp,Cooperative,Rural electric cooperative,0.25,0.33,"2,017"
US,USA,building,building,North America,United States of America,us,North Carolina,NC,Roxboro,"1125 Oxford Rd, Roxboro, NC, United States of America","10","1125 Oxford Road, Roxboro, NC 27573","15,023",Piedmont Community Solar,Roxboro,NC,Piedmont Electric Member Corp,Cooperative,Rural electric cooperative,0.13,0.16,"2,017"
US,USA,road,road,North America,United States of America,us,North Carolina,NC,Aulander,"State Hwy 561 W, Aulander, NC, United States of America","9","518 NC Hwy 561 West, Aulander, NC 27805","16,101",Roanoke SolarShare,Aulander,NC,Roanoke Electric Member Corp,Cooperative,Rural electric cooperative,0.25,0.33,"2,017"
US,USA,building,building,North America,United States of America,us,North Carolina,NC,,"Randolph Electric Membership Corporation, 879 McDowell Road, Asheboro, NC 27205, United States of America","10","879 McDowell Road, Asheboro, NC 27204","15,671",SunPath,Asheboro,NC,Randolph Electric Member Corp,Cooperative,Rural electric cooperative,0.25,0.33,"2,017"
US,USA,road,road,North America,United States of America,us,North Carolina,NC,,"US 264 E;NC 92 E, Douglas Crossroads, Beaufort County, NC, United States of America","9","25831 US‑264 E, Pantego, NC 27860","19,108",Tideland EMC Community Solar Phase I,Pinetown,NC,Tideland Electric Member Corp,Cooperative,Rural electric cooperative,0.25,0.33,"2,017"
US,USA,road,road,North America,United States of America,us,North Carolina,NC,Pantego,"US Hwy 264 E, Pantego, NC, United States of America","9","25831 Hwy 264 East, Pantego, NC 27860","19,108",Tideland EMC Community Solar Phase II,Pinetown,NC,Tideland Electric Member Corp,Cooperative,Rural electric cooperative,0.1,0.13,"2,017"
US,USA,building,building,North America,United States of America,us,North Carolina,NC,,"2491 US 321;US 421;NC 194, Watauga County, NC 28607, United States of America","10","2491 US Hwy 421 S, Boone, NC 28607","1,889",Watagua Community Solar,Boone,NC,Blue Ridge Elec Member Corp - (NC),Cooperative,Rural electric cooperative,0.02,0.04,"2,013"
US,USA,road,road,North America,United States of America,us,North Dakota,ND,Fargo,"63rd Ave S, Fargo, ND, United States of America","5","5400 block of 63rd Street S, Fargo, ND 58104","24,949",Prairie Sun Community Solar,Fargo,ND,Cass County Electric Cooperative,Cooperative,Rural electric cooperative,0.02,0.04,"2,014"
US,USA,commerce,shop,North America,United States of America,us,New Hampshire,NH,,"AppleKnockers General Store, 230 Mt Moosilauke Highway, Warren, Grafton County, NH 03279, United States of America","9","230 NH-25, Warren, NH 03279","13,441",NH SolarShares - Appleknockers General Store,Warren,NH,New Hampshire Elec Coop Inc,Cooperative,Rural electric cooperative,0.12,0.21,"2,016"
US,USA,travel/tourism,hotel,North America,United States of America,us,New Hampshire,NH,Plymouth,"Common Man Inn & Spa, 231 Main Street, Plymouth, NH 03264, United States of America","9","231 Main St, Plymouth, NH 03264","13,441",NH SolarShares - Frosty Scoops/Common Man,Plymouth,NH,New Hampshire Elec Coop Inc,Cooperative,Rural electric cooperative,0.12,0.21,"2,017"
US,USA,education,school,North America,United States of America,us,New Mexico,NM,,"Taos Charter School, 1303 Paseo del Canon East, Taos, NM 87571, United States of America","9","1303 Paseo Del Cañon E, Taos, NM 87571","10,378",KCEC Community Solar Program,Taos,NM,"Kit Carson Electric Coop, Inc",Cooperative,Rural electric cooperative,0.4,0.52,"2,014"
US,USA,road,road,North America,United States of America,us,Ohio,OH,Hamilton,"Mill Rd, Hamilton, OH, United States of America","5","2662 Lanes Mill Rd Hamilton, Ohio","2,651",OurSolar,Oxford,OH,Butler Rural Electric Coop Inc - (OH),Cooperative,Rural electric cooperative,0.23,0.31,"2,014"
US,USA,road,road,North America,United States of America,us,Ohio,OH,Greenville,"Fort Jefferson Ave, Greenville, OH, United States of America","8","1120 Fort Jefferson Ave, Greenville, OH 45331","4,796",OurSolar,Rossburg,OH,"Darke Rural Electric Coop, Inc",Cooperative,Rural electric cooperative,0.02,0.02,"2,011"
US,USA,road,road,North America,United States of America,us,Ohio,OH,Findlay,"Twp Rd 215, Findlay, OH, United States of America","8","7011 Township Rd 215, Findlay, OH 45840","8,034",OurSolar,Findlay,OH,Hancock-Wood Electric Coop Inc,Cooperative,Rural electric cooperative,0.05,0.07,
US,USA,postcode,postcode,North America,United States of America,us,Ohio,OH,,"Washington Township, OH 43080, United States of America","6","Washington Township, OH 43080","10,668",OurSolar,Utica,OH,Licking Rural Electric Inc,Cooperative,Rural electric cooperative,0.45,0.58,"2,015"
US,USA,place,city,North America,United States of America,us,Ohio,OH,Spencer,"Spencer, Ohio, United States of America","6","1 Cooperative Way, Spencer, OH 44275","11,200",OurSolar,Wellington,OH,"Lorain-Medina R E C, Inc",Cooperative,Rural electric cooperative,0.17,0.22,"2,017"
US,USA,road,road,North America,United States of America,us,Ohio,OH,Delaware,"State Rte 521, Delaware, OH, United States of America","8","4993 State Route 521, Delaware, OH 43015","12,990",OurSolar,Delaware,OH,Consolidated Electric Coop Inc,Cooperative,Rural electric cooperative,0.04,0.05,"2,013"
US,USA,road,road,North America,United States of America,us,Ohio,OH,Attica,"Stump Pike Rd, Attica, OH, United States of America","6","350 Stump Pike Rd, Attica, OH 44807","13,693",OurSolar,Attica,OH,"North Central Elec Coop, Inc",Cooperative,Rural electric cooperative,0.17,0.22,"2,011"
US,USA,building,building,North America,United States of America,us,Ohio,OH,Paulding,"Paulding Putnam REA, 401 McDonald Pike, Paulding, OH 45879, United States of America","10","401 McDonald Pike, Paulding, OH 45879","14,599",OurSolar,Paulding,OH,"Paulding-Putman Elec Coop, Inc",Cooperative,Rural electric cooperative,0.04,0.05,"2,016"
US,USA,building,building,North America,United States of America,us,Ohio,OH,,"767 Three Mile Road, Champaign County, OH 43078, United States of America","10","767 Three Mile Road, Urbana, OH 43078","15,054",OurSolar,Urbana,OH,"Pioneer Rural Elec Coop, Inc - (OH)",Cooperative,Rural electric cooperative,0.08,0.13,"2,015"
US,USA,building,building,North America,United States of America,us,Ohio,OH,,"808 Mill Park Drive, Lancaster, OH 43130, United States of America","10","808 Mill Park Dr, Lancaster, OH 43130","18,085",OurSolar,Lancaster,OH,South Central Power Company,Cooperative,Rural electric cooperative,0.23,0.4,"2,014"
US,USA,road,road,North America,United States of America,us,Ohio,OH,McClure,"Twp Rd K, McClure, OH, United States of America","6","8945 County Rd K2, Malinta, OH 43535","19,176",OurSolar,Malinta,OH,"Tricounty Rural Elec Coop, Inc",Cooperative,Rural electric cooperative,0.12,0.15,"2,016"
US,USA,road,road,North America,United States of America,us,Ohio,OH,,"West Lima Street, Forest, Jackson Township, OH 45843, United States of America","9","1210 W Lima St, Kenton, OH 43326","36,189",OurSolar,Kenton,OH,"Mid-Ohio Energy Coop, Inc",Cooperative,Rural electric cooperative,0.05,0.06,"2,015"
US,USA,building,building,North America,United States of America,us,Ohio,OH,,"2859 Marion-Upper Sandusky Road, Grand Prairie Township, OH 43302, United States of America","10","2859 Marion–Upper Sandusky Rd, Marion, OH 43302","36,189",OurSolar,Marion,OH,"Mid-Ohio Energy Coop, Inc",Cooperative,Rural electric cooperative,10.37,13.48,"2,015"
US,USA,road,road,North America,United States of America,us,Oklahoma,OK,Okmulgee,"South Wood Drive, Okmulgee, OK 74447, United States of America","9","2001 S Wood Drive, Okmulgee, OK 74447","5,598",ECE Community Solar,Okmulgee,OK,East Central Oklahoma Elec Coop Inc,Cooperative,Rural electric cooperative,17.5,22.75,"2,019"
US,USA,place,city,North America,United States of America,us,Oklahoma,OK,Frederick,"Frederick, Oklahoma, United States of America","6","1801 Flying Fortress, Frederick, OK 73542","17,681",SWRE Community Solar Frederick,Frederick,OK,Southwest Rural Elec Assn Inc,Cooperative,Rural electric cooperative,1.22,1.59,"2,011"
US,USA,place,city,North America,United States of America,us,Oklahoma,OK,Hooker,"Hooker, Oklahoma, United States of America","5","995 Mile 46 Road, Hooker, OK 73945","19,160",TCEC Community Solar,Hooker,OK,"Tri-County Electric Coop, Inc",Cooperative,Rural electric cooperative,4.72,6.14,"2,017"
US,USA,road,road,North America,United States of America,us,Oklahoma,OK,Kingfisher,"OK 3;US 81, Kingfisher, OK 73750, United States of America","9","19306 US-81, Kingfisher, OK 73750","3,478",WFEC-Cimarron Electric Array,Kingfisher,OK,Cimarron Electric Coop,Cooperative,Rural electric cooperative,0.34,0.44,"2,018"
US,USA,road,road,North America,United States of America,us,Oklahoma,OK,Snyder,"C St, Snyder, OK, United States of America","4","196747 Co Rd N2500, Devol, OK 73531","4,401",WFEC-Cotton Electric Array,Devol,OK,"Cotton Electric Coop, Inc",Cooperative,Rural electric cooperative,0.06,0.08,"2,010"
US,USA,road,road,North America,United States of America,us,Oklahoma,OK,Hollis,"South Morton Street, Hollis, OK 73550, United States of America","9","S Morton St Hollis, OK 73550","8,183",WFEC-Harmon Electric Array,Hollis,OK,Harmon Electric Assn Inc,Cooperative,Rural electric cooperative,0.02,0.03,"2,019"
US,USA,place,city,North America,United States of America,us,Oklahoma,OK,Wilburton,"Wilburton, Oklahoma, United States of America","6","944 SW, 966 OK-2, Wilburton, OK 74578","10,170",WFEC-Kiamichi Electric Array,Wilburton,OK,"Kiamichi Electric Coop, Inc",Cooperative,Rural electric cooperative,0.04,0.05,"2,018"
US,USA,building,building,North America,United States of America,us,Oklahoma,OK,Woodward,"2925 Williams Avenue, Woodward, OK 73801, United States of America","10","2925 Williams Ave, Woodward, OK 73801","13,807",WFEC-Northwestern Electric Array,Woodward,OK,Northwestern Electric Coop Inc - (OK),Cooperative,Rural electric cooperative,0.04,0.05,"2,018"
US,USA,building,building,North America,United States of America,us,Oklahoma,OK,,"Oklahoma Electric Cooperative, 242 24th Avenue Northwest, Norman, OK 73069, United States of America","10","242 24th Ave NW, Norman, OK 73069","14,062",WFEC-Oklahoma Electric Array,Norman,OK,Oklahoma Electric Coop Inc,Cooperative,Rural electric cooperative,0.04,0.05,"2,018"
US,USA,road,road,North America,United States of America,us,Oklahoma,OK,Marietta,"State Hwy 32, Marietta, OK, United States of America","8","8574 State Hwy 32, Marietta, OK 73448","15,746",WFEC-Red River Valley Array,Marietta,OK,Red River Valley Rrl Elec Assn,Cooperative,Rural electric cooperative,0.04,0.05,"2,018"
US,USA,place,city,North America,United States of America,us,Oklahoma,OK,Durant,"Durant, Oklahoma, United States of America","6","1514 U.S.70, Durant, OK 74701","17,603",WFEC-Southeastern Electric Array,Durant,OK,Southeastern Electric Coop Inc - (OK),Cooperative,Rural electric cooperative,0.04,0.05,"2,018"
US,USA,building,building,North America,United States of America,us,Oklahoma,OK,,"700 North Broadway Avenue, Tipton, Tillman County, OK 73570, United States of America","10","700 N Broadway Ave, Tipton, OK 73570","17,681",WFEC-Southwest REC Vernon Array,Tipton,OK,Southwest Rural Elec Assn Inc,Cooperative,Rural electric cooperative,0.04,0.05,"2,018"
US,USA,building,building,North America,United States of America,us,Oregon,OR,,"Lane Electric Co-op, 787 Bailey Hill Road, Eugene, OR 97402, United States of America","10","787 Bailey Hill Road, Eugene, OR 97402","10,681",Lane Electric’s Community Solar Garden,Eugene,OR,Lane Electric Coop Inc,Cooperative,Rural electric cooperative,0.04,0.05,"2,018"
US,USA,building,building,North America,United States of America,us,Oregon,OR,,"61090 Southeast 27th Street, Bend, OR 97702, United States of America","10","61090 SE 27th St, Bend, OR 97702","3,240",Shared Solar,Bend,OR,Central Electric Coop Inc - (OR),Cooperative,Rural electric cooperative,0.04,0.05,"2,018"
US,USA,building,building,North America,United States of America,us,South Carolina,SC,,"301 Gateway Drive, Talatha, Aiken County, SC 29803, United States of America","10","301 Gateway Dr, Aiken, SC 29803","162","Aiken Electric Cooperative, Inc. Solar Program",Aiken,SC,Aiken Electric Cooperative,Cooperative,Rural electric cooperative,0.04,0.05,"2,018"
US,USA,building,building,North America,United States of America,us,South Carolina,SC,Pickens,"734 West Main Street, Pickens, SC 29671, United States of America","10","734 West Main Street, Pickens, SC 29671","1,890",Blue Ridge Electric Community Solar,Pickens,SC,Blue Ridge Electric Coop Inc - (SC),Cooperative,Rural electric cooperative,0.04,0.05,"2,018"
US,USA,building,building,North America,United States of America,us,South Carolina,SC,Gaffney,"811 Hamrick Street, Belmont Acres, Gaffney, SC 29340, United States of America","10","811 Hamrick St, Gaffney, SC 29340","2,212",Broad River Electric Coop Community Solar,Gaffney,SC,"Broad River Electric Coop, Inc",Cooperative,Rural electric cooperative,0.04,0.05,"2,018"
US,USA,road,road,North America,United States of America,us,South Carolina,SC,,"Fairfield Road, Hollywood Hills, Richland County, SC 29203, United States of America","9","3129 US‑321 North, Winnsboro, SC 29180","5,929",Fairfield Electric Community Solar,Winnsboro,SC,"Fairfield Electric Coop, Inc",Cooperative,Rural electric cooperative,0.04,0.05,"2,018"
US,USA,building,building,North America,United States of America,us,South Carolina,SC,,"Horry Electric Cooperative, Inc., 2774 Cultra Road, Conway, SC 29526, United States of America","10","2774 Cultra Rd, Conway, SC 29526","8,786",Horry Electric Community Solar,Conway,SC,Horry Electric Coop Inc,Cooperative,Rural electric cooperative,0.04,0.05,"2,018"
US,USA,building,building,North America,United States of America,us,South Carolina,SC,Five Forks,"2254 South Highway 14, Heritage Lakes, Five Forks, SC 29681, United States of America","10","2254 SC-14, Laurens, SC 29360","10,768",Laurens Headquarters Farm,Laurens,SC,"Laurens Electric Coop, Inc",Cooperative,Rural electric cooperative,1.77,2.3,"2,014"
US,USA,road,road,North America,United States of America,us,South Carolina,SC,,"East Springdale Road, Rock Hill, SC 29730, United States of America","9","540 E Springdale Rd, Rock Hill, SC 29730","21,002",Lesslie Community Solar Farm,Rock Hill,SC,York Electric Coop Inc,Cooperative,Rural electric cooperative,52,67.6,"2,017"
US,USA,building,building,North America,United States of America,us,South Carolina,SC,Abbeville,"300 Cambridge Street, Abbeville, SC 29620, United States of America","10","300 Cambridge St, Abbeville, SC 29620","11,019",Little River Community Solar,Abbeville,SC,Little River Electric Coop Inc,Cooperative,Rural electric cooperative,0.1,0.13,"2,016"
US,USA,building,building,North America,United States of America,us,South Carolina,SC,Greenville,"1201 E Butler Rd, Greenville, SC, United States of America","10","1201 East Butler Road, Greenville, SC 29607","10,768",Mauldin Community Solar Farm,Mauldin,SC,"Laurens Electric Coop, Inc",Cooperative,Rural electric cooperative,31.5,40.95,"2,020"
US,USA,building,building,North America,United States of America,us,South Carolina,SC,Hardeeville,"1 Cooperative Way, Hardeeville, SC, United States of America","10","1 Cooperative Way, Hardeeville, SC 29927","14,398",New River Community Solar,Hardeeville,SC,Palmetto Electric Coop Inc,Cooperative,Rural electric cooperative,0.1,0.13,"2,015"
US,USA,building,building,North America,United States of America,us,South Carolina,SC,Newberry,"882 Wilson Road, Newberry, SC 29108, United States of America","10","882 Wilson Rd, Newberry, SC 29108","13,524",Newberry Electric Cooperative Community Solar,Newberry,SC,"Newberry Electric Coop, Inc",Cooperative,Rural electric cooperative,1,1.3,"2,020"
US,USA,building,building,North America,United States of America,us,South Carolina,SC,,"4063 Grays Highway, Horsegall, Hampton County, SC 29944, United States of America","10","4063 Grays Hwy, Ridgeland, SC 29936","14,398",Ridgeland Community Solar,Ridgeland,SC,Palmetto Electric Coop Inc,Cooperative,Rural electric cooperative,1,1.3,"2,019"
US,USA,building,building,North America,United States of America,us,South Carolina,SC,,"6473 Old State Road, Wertz Crossroads, Calhoun County, SC 29135, United States of America","10","6473 Old State Rd, St Matthews, SC 29135","14,175",Tri-County Community Solar,St. Matthews,SC,"Tri-County Electric Coop, Inc",Cooperative,Rural electric cooperative,1,1.3,"2,019"
US,USA,road,road,North America,United States of America,us,South Carolina,SC,York,"Park Place Rd, York, SC, United States of America","9","7640 Park Place Rd, York, SC 29745","21,002",YECÃ¢â‚¬â„¢s East York Community Solar Farm,York,SC,York Electric Coop Inc,Cooperative,Rural electric cooperative,1,1.3,"2,018"
US,USA,building,building,North America,United States of America,us,Tennessee,TN,,"1109 Hill Drive, New Market, Jefferson County, TN 37820, United States of America","10","1109 Hill Dr, New Market, TN 37820","727",Co-op Community Solar,New Market,TN,Appalachian Electric Coop,Cooperative,Rural electric cooperative,1,1.3,"2,020"
US,USA,building,building,North America,United States of America,us,Tennessee,TN,,"8615 Webb Road, Williamson County, TN 37046, United States of America","10","8615 Webb Rd, College Grove, TN 37046","12,470",Cooperative Solar Program,College Grove,TN,Middle Tennessee E M C,Cooperative,Rural electric cooperative,1,1.3,"2,018"
US,USA,building,building,North America,United States of America,us,Tennessee,TN,,"1411 Madison Street, Forest Hills, Shelbyville, TN 37160, United States of America","10","1411 Madison Street, Shelbyville, TN 37160","5,399",DREMC Solar Farm,Shelbyville,TN,Duck River Elec Member Corp,Cooperative,Rural electric cooperative,0.27,0.35,"2,012"
US,USA,road,road,North America,United States of America,us,Texas,TX,Bandera,"Old Hwy 16, Bandera, TX, United States of America","5","3172 Highway 16 North Bandera, TX 78003","1,175",BEC Community Solar,Leakey,TX,"Bandera Electric Coop, Inc",Cooperative,Rural electric cooperative,1,1.3,"2,019"
US,USA,road,road,North America,United States of America,us,Texas,TX,Sealy,"Circle Drive, Sealy, TX 77474, United States of America","9","9112 Circle Dr Austin, Texas","14,626",Cooperative Solar Program,Austin,TX,"Pedernales Electric Coop, Inc",Cooperative,Rural electric cooperative,1,1.3,"2,019"
US,USA,road,road,North America,United States of America,us,Texas,TX,,"Ike Byrom Road, Krugerville, Denton County, TX 76227, United States of America","8","15554 Ike Byrom Rd, Aubrey, TX 76227","5,078",CoServ Solar Station,Krugerville,TX,Co-Serv Electric,Cooperative,Rural electric cooperative,1,1.3,"2,019"
US,USA,road,road,North America,United States of America,us,Texas,TX,De Leon,"Co Rd 433, De Leon, TX, United States of America","8","1209 Co Rd 433 Stephenville, Texas","19,490",Erath,Stephenville,TX,United Electric Coop Service Inc - (TX),Cooperative,Rural electric cooperative,1,1.3,"2,019"
US,USA,place,city,North America,United States of America,us,Texas,TX,Orange Grove,"Orange Grove, Texas, United States of America","7","5302 W FM 624 at Hwy 281, Orange Grove, TX","13,830",Roofless Solar,Orange Grove,TX,Nueces Electric Cooperative,Cooperative,Rural electric cooperative,1,1.3,"2,019"
US,USA,building,building,North America,United States of America,us,Texas,TX,Gonzales,"825 East Sarah Dewitt Drive, Gonzales, TX 78629, United States of America","10","825 E Sarah DeWitt Dr, Gonzales, TX 78629","7,752",SunHub,Gonzales,TX,Guadalupe Valley Elec Coop Inc,Cooperative,Rural electric cooperative,0.02,0.02,"2,011"
US,USA,road,road,North America,United States of America,us,Texas,TX,Bedias,"Co Rd 115, Bedias, TX, United States of America","9","Co Rd 115, Bedias, TX 77831","12,452",Synergy Solar,Bedias,TX,Mid-South Electric Coop Assn,Cooperative,Rural electric cooperative,0.23,0.29,"2,014"
US,USA,road,road,North America,United States of America,us,Texas,TX,Whitney,"County Rd, Whitney, TX, United States of America","7","252 County Rd 3405, Clifton, TX 76634","19,490",United Community Solar plant,Clifton,TX,United Electric Coop Service Inc - (TX),Cooperative,Rural electric cooperative,0.04,0.05,"2,014"
US,USA,building,building,North America,United States of America,us,Virginia,VA,Lexington,"1972 Big Spring Drive, Kerrs Creek, Lexington, VA 24450, United States of America","10","1972 Big Spring Drive, Lexington, VA 24450","1,062",BARC Electric Cooperative Community Solar,Lexington,VA,BARC Electric Cooperative Inc,Cooperative,Rural electric cooperative,1,1.3,"2,019"
US,USA,building,building,North America,United States of America,us,Virginia,VA,,"1224 Salem Church Road, Palmyra, Fluvanna County, VA 22963, United States of America","10","1224 Salem Church Rd, Palmyra, VA 22963","3,291",Solar Share,Scottsville,VA,Central Virginia Electric Cooperative,Cooperative,Rural electric cooperative,1,1.3,"2,018"
US,USA,place,municipality,North America,United States of America,us,Vermont,VT,,"Alburgh, Vermont, United States of America","9","VT‑78 & Dump Road, Alburgh, VT","19,791",Alburgh Solar Farm,Alburgh,VT,"Vermont Electric Cooperative, Inc",Cooperative,Rural electric cooperative,1,1.3,"2,021"
US,USA,building,building,North America,United States of America,us,Vermont,VT,,"895 Magee Hill Road, Hinesburg, Chittenden County, VT 05461, United States of America","10","895 Magee Hill Rd, Hinesburg, VT 05461","19,791",Hinesburg Project,Hinesburg,VT,"Vermont Electric Cooperative, Inc",Cooperative,Rural electric cooperative,0.1,0.13,"2,016"
US,USA,building,building,North America,United States of America,us,Washington,WA,West Richland,"6095 West Van Giesen Street, West Richland, WA 99353, United States of America","10","6095 W Van Giesen St, West Richland, WA 99353","1,625",Benton REA Co-op Solar,West Richland,WA,Benton Rural Electric Assn,Cooperative,Rural electric cooperative,1,1.3,"2,019"
US,USA,road,road,North America,United States of America,us,Washington,WA,,"Decatur Head Drive, San Juan County, WA, United States of America","9","668 Decatur Head Dr, Decatur Island, WA 98221","14,170",Community Solar,Anacortes,WA,Orcas Power & Light Coop,Cooperative,Rural electric cooperative,0.76,0.99,"2,019"
US,USA,building,building,North America,United States of America,us,Washington,WA,Gig Harbor,"13315 Goodnough Dr NW, Gig Harbor, WA, United States of America","10","13315 Goodnough Dr NW, Gig Harbor, WA 98332","14,668",Harbor Community Solar,Gig Harbor,WA,Peninsula Light Company,Cooperative,Rural electric cooperative,0.13,0.16,"2,022"
US,USA,building,building,North America,United States of America,us,Washington,WA,,"Inland Power and Light Company, 10110 West Hallett Road, Geiger Heights, Spokane County, WA 99224, United States of America","10","10110 W. Hallett Road, Spokane, WA 99224","8,699",Inland Community Solar addition,Spokane,WA,Inland Power & Light Company,Cooperative,Rural electric cooperative,0.5,0.65,"2,015"
US,USA,building,building,North America,United States of America,us,Washington,WA,,"Inland Power and Light Company, 10110 West Hallett Road, Geiger Heights, Spokane County, WA 99224, United States of America","10","10110 W. Hallett Road, Spokane, WA 99224","8,699",Inland Community Solar addition,Spokane,WA,Inland Power & Light Company,Cooperative,Rural electric cooperative,0.5,0.65,"2,015"
US,USA,building,building,North America,United States of America,us,Washington,WA,North Bend,"45710 Southeast North Bend Way, Tanner, North Bend, WA 98045, United States of America","10"," 45710 SE North Bend Way, North Bend, WA 98045","18,448",Tanner Electric Community Solar,North Bend,WA,Tanner Electric Coop,Cooperative,Rural electric cooperative,0.02,0.02,"2,010"
US,USA,building,building,North America,United States of America,us,Washington,WA,Winthrop,"93 W Chewuch Rd, Winthrop, WA, United States of America","10","93 W Chewuch Road, Winthrop, WA 98862","14,074",Winthrop Community Solar,Winthrop,WA,"Okanogan County Elec Coop, Inc",Cooperative,Rural electric cooperative,2.07,2.69,"2,017"
US,USA,place,neighbourhood,North America,United States of America,us,Wisconsin,WI,,"Eau Claire, WI 54703, United States of America","8","68460 District St, Iron River, WI 54847","1,367",Bayfield Electric Solar Garden,Iron River,WI,Bayfield Electric Cooperative,Cooperative,Rural electric cooperative,0.02,0.02,"2,017"
US,USA,road,road,North America,United States of America,us,Wisconsin,WI,Medford,"State Hwy 13, Medford, WI, United States of America","8","N 1831 State Hwy 13, Medford, WI 54451","18,383",Bright Horizons Community Solar Project,Medford,WI,Taylor Electric Cooperative,Cooperative,Rural electric cooperative,0.02,0.02,"2,017"
US,USA,place,city,North America,United States of America,us,Wisconsin,WI,Greenwood,"Greenwood, Wisconsin, United States of America","6","1209 W Dall‑Berg Rd, Greenwood, WI 54437","3,701",Clark Electric Community Solar,Greenwood,WI,Clark Electric Cooperative,Cooperative,Rural electric cooperative,0.02,0.02,"2,017"
US,USA,building,building,North America,United States of America,us,Wisconsin,WI,,"1420 15th Street, Beaver, WI 54889, United States of America","10","1420 15th St, Barron, WI 54812","1,251",Community Rays Array,Barron,WI,Barron Electric Cooperative,Cooperative,Rural electric cooperative,0.02,0.02,"2,017"
US,USA,building,building,North America,United States of America,us,Wisconsin,WI,,"110 Saugstad Road, Westby, Vernon County, WI 54667, United States of America","10","110 Saugstad Rd, Westby, WI 54667","4,716",WI - DAIRYLAND 1,Westby,WI,Dairyland Power Coop,Cooperative,Rural electric cooperative,0.03,0.04,"2,017"
US,USA,road,road,North America,United States of America,us,Wisconsin,WI,Fall Creek,"US Hwy 12, Fall Creek, WI, United States of America","9","8214 U.S. Highway 12, Fall Creek, WI 54742","5,632",MemberSolar,Eau Claire,WI,Eau Claire Energy Cooperative,Cooperative,Rural electric cooperative,3,3.9,"2,014"
US,USA,road,road,North America,United States of America,us,Wisconsin,WI,,"County Highway A, West Lima, Bloom, WI, United States of America","9","14957 Co Hwy A, Hillsboro, WI 54634","15,983",Richland Electric Transitions Community Solar Array,Hillsboro,WI,Richland Electric Coop,Cooperative,Rural electric cooperative,0.9,1.17,"2,020"
US,USA,building,building,North America,United States of America,us,Wisconsin,WI,Hammond,"1925 Ridgeway St, Hammond, WI, United States of America","10","1925 Ridgeway Street, Hammond, WI 54015","17,868",Sunflower 1,Hammond,WI,St. Croix Electric Cooperative,Cooperative,Rural electric cooperative,0.25,0.33,"2,017"
US,USA,road,road,North America,United States of America,us,Wisconsin,WI,New Lisbon,"Raven Dr, New Lisbon, WI, United States of America","9","N8904 Raven Dr, New Lisbon, WI 53950","13,936",SunnyOak Community Solar Garden,Necedah,WI,Oakdale Electric Cooperative,Cooperative,Rural electric cooperative,0.25,0.33,"2,017"
US,USA,building,building,North America,United States of America,us,Wisconsin,WI,,"110 Saugstad Road, Westby, Vernon County, WI 54667, United States of America","10","110 Saugstad Rd, Westby, WI 54667","4,716",WI - DAIRYLAND 1,Westby,WI,Dairyland Power Coop,Cooperative,Rural electric cooperative,0.03,0.04,"2,017"
US,USA,place,city,North America,United States of America,us,Wisconsin,WI,De Soto,"De Soto, Wisconsin, United States of America","5","E2263 WI‑82, De Soto, WI 54624","4,716",WI - DAIRYLAND 2,Westby,WI,Dairyland Power Coop,Cooperative,Rural electric cooperative,0.04,0.05,"2,017"
US,USA,building,building,North America,United States of America,us,California,CA,Herald,"14960 Twin Cities Rd, Herald, CA, United States of America","10","14960 Twin Cities Road, Herald, CA 95638","16,534",Rancho Seco II,Herald,CA,Sacramento Municipal Utility District (SMUD),Municipal,Consumer-owned utility,160,208,"2,021"
US,USA,road,road,North America,United States of America,us,California,CA,Rio Linda,"W 6th St, Rio Linda, CA, United States of America","8","West 6th St, Rio Linda, CA 95673","16,534",Wildflower,Rio Linda,CA,Sacramento Municipal Utility District (SMUD),Municipal,Consumer-owned utility,11.6,15.08,"2,021"
US,USA,road,road,North America,United States of America,us,Wisconsin,WI,Janesville,"N Co Rd F, Janesville, WI, United States of America","6","3400 N County Rd F, Janesville, WI 53545","20,847",Janesville Community Solar garden,Janesville,WI,Alliant Energy,Investor Owned,Publicly owned utility,2.25,2.93,"2,025"
